{
  "epoch": [
    1,
    2,
    3,
    4,
    5,
    6,
    7,
    8,
    9,
    10,
    11,
    12,
    13,
    14,
    15,
    16,
    17,
    18,
    19,
    20,
    21,
    22,
    23,
    24,
    25,
    26,
    27,
    28,
    29,
    30
  ],
  "train_loss": [
    0.051024,
    0.040069,
    0.038506,
    0.037641,
    0.037097,
    0.036449,
    0.035838,
    0.03551,
    0.034989,
    0.034709,
    0.03376354822130115,
    0.033543677840519835,
    0.033261113373769656,
    0.03309394553303718,
    0.032924539444071275,
    0.03279122089898145,
    0.03263621392073455,
    0.03251559216667105,
    0.03250614685040933,
    0.03233058267445476,
    0.03227215974143258,
    0.03212126683305811,
    0.032006174146577165,
    0.03191748580998845,
    0.03181604356401496,
    0.031728445688883465,
    0.0316518597194442,
    0.031543687110145886,
    0.031574227360111694,
    0.03141278189641458
  ],
  "val_loss": [
    0.037164,
    0.034571,
    0.035376,
    0.034056,
    0.032702,
    0.032453,
    0.032433,
    0.031788,
    0.03204,
    0.032911,
    0.030719635624657658,
    0.030552454829654272,
    0.030737735900808784,
    0.030061325025470816,
    0.03136489018797874,
    0.029427861608564854,
    0.02998367097667035,
    0.030255487725576933,
    0.0306031889446518,
    0.02951461160007645,
    0.02933082622202004,
    0.029823958336868708,
    0.029162089055513634,
    0.028832572304150636,
    0.02946691336658071,
    0.028891589602126795,
    0.029181658640942153,
    0.028451499583966592,
    0.028354906586601454,
    0.028549597741049877
  ],
  "train_psnr": [
    22.95,
    24.31,
    24.52,
    24.64,
    24.72,
    24.81,
    24.91,
    24.96,
    25.04,
    25.08,
    25.283440301604056,
    25.323021651341886,
    25.372925133693254,
    25.40452177375351,
    25.43709831055168,
    25.46098202553956,
    25.488801820796173,
    25.509301076024638,
    25.512133154458496,
    25.542374024223122,
    25.554760188385444,
    25.578790587373877,
    25.597904475150656,
    25.617171936556367,
    25.634509119941104,
    25.64936792884702,
    25.665344235723772,
    25.684430283321525,
    25.6844558309877,
    25.711427266379847
  ],
  "val_psnr": [
    25.69,
    26.17,
    26.09,
    26.3,
    26.52,
    26.61,
    26.64,
    26.73,
    26.74,
    26.64,
    27.002787386594516,
    27.03845570352877,
    27.027601034921453,
    27.14685911957262,
    26.968465499139754,
    27.233323475413282,
    27.16161118688711,
    27.125540594270785,
    27.080105125822936,
    27.28636237368877,
    27.296354987322484,
    27.19794554394365,
    27.343796699360364,
    27.39020193562584,
    27.304342494029072,
    27.38439859380252,
    27.35118048529225,
    27.492075087575877,
    27.484969605321364,
    27.449001422115884
  ]
}