{
  "epoch": [
    1,
    2,
    3,
    4,
    5,
    6,
    7,
    8,
    9,
    10
  ],
  "train_loss": [
    0.051024,
    0.040069,
    0.038506,
    0.037641,
    0.037097,
    0.036449,
    0.035838,
    0.03551,
    0.034989,
    0.034709
  ],
  "val_loss": [
    0.037164,
    0.034571,
    0.035376,
    0.034056,
    0.032702,
    0.032453,
    0.032433,
    0.031788,
    0.03204,
    0.032911
  ],
  "train_psnr": [
    22.95,
    24.31,
    24.52,
    24.64,
    24.72,
    24.81,
    24.91,
    24.96,
    25.04,
    25.08
  ],
  "val_psnr": [
    25.69,
    26.17,
    26.09,
    26.3,
    26.52,
    26.61,
    26.64,
    26.73,
    26.74,
    26.64
  ]
}