{"train_losses": [0.0357747671696217, 0.03297045621559406, 0.032432023773782646, 0.03209916884388582, 0.031805500882556084, 0.031550405677666135, 0.03134516678853778, 0.031168439387586726, 0.031010120252834953, 0.030878546107552574, 0.03075480954436032, 0.030644630974159426, 0.030535432480741878, 0.03044336900374735, 0.03035547333178476, 0.030225822342194363, 0.030183371991945485, 0.030139125259307592, 0.03010154543745698, 0.030068873521292575, 0.03003232017885432, 0.03000074580893803, 0.029972809325811343, 0.029945066267548615, 0.029917901823847095, 0.02989169447309252, 0.029867347581754057, 0.029839223350098233, 0.02981989451006199, 0.02979530260774179, 0.0297372734116807, 0.02972394017332401, 0.029713224461340663, 0.0297005368755137, 0.029689869493054424, 0.029680295804148427, 0.029669339345493446, 0.029660573317320676, 0.029644823584792864, 0.02962841150779953, 0.029603478342609554, 0.029578389271368223, 0.029557466977539006, 0.029537515091030874, 0.02952135007162816, 0.029479190877471487, 0.029468386184610684, 0.029461882996501647, 0.029450838928498913, 0.029444549123204298, 0.029438041198483617, 0.02943173163563191, 0.029423522692367084, 0.029419141864771136, 0.02941386350916102, 0.029410525764559846, 0.029405311875979615, 0.029398750270801122, 0.029393725211830056, 0.029389843130787963, 0.029382886872427915, 0.02938178791863468, 0.029373640760088054, 0.029368058080602305, 0.029365749304988375, 0.02935970957156957, 0.02935756206149676, 0.029351107218312626, 0.029343698894178094, 0.029328199408068863, 0.029330099917876374, 0.029325732523228905, 0.0293225019701342, 0.02931518691857583, 0.02931462098417832, 0.029306177508477832, 0.029282612902346312, 0.029293673303787675, 0.029274272009025323, 0.0292670106071231, 0.02925963741057665, 0.029252011787538196, 0.029246632355407778, 0.029243021803023784, 0.029236713135131577, 0.02923149562992248, 0.02922043799549738, 0.029213426922151512, 0.029220859763556026, 0.029205487376240673, 0.029207299634999073, 0.029194254457238732, 0.029189850850955684, 0.029177352578152908, 0.029182458953520382, 0.029171913384802583, 0.029161160129011637, 0.029146529467186908, 0.029161634836576925, 0.029146025506595598], "val_losses": [0.02968922799653155, 0.02885014106888299, 0.028479591124509804, 0.02826051357446001, 0.02797687822177806, 0.02773467238817439, 0.027635962421062008, 0.027483427106409063, 0.027379439456150834, 0.027185517344498793, 0.02711350706424689, 0.026973720755578086, 0.02686456568701655, 0.026804862190788023, 0.026713627415565436, 0.026621180824035365, 0.02659040281624102, 0.026568907256794456, 0.02651129921760735, 0.026465754218449527, 0.02644516104182241, 0.02645642315068801, 0.026399337892864375, 0.02639567476053466, 0.02633183948608153, 0.026306118462984793, 0.026308843965998432, 0.02631171005496743, 0.026267868241657746, 0.026228780101909734, 0.026211628816585182, 0.02619025200578101, 0.02619615925864859, 0.026184327944758393, 0.02617246301796956, 0.026192131674005872, 0.026155566196247336, 0.026178804393380117, 0.026141438670729326, 0.026134296555768002, 0.02611020708204189, 0.02612686422977583, 0.02609794869022819, 0.026102143687779432, 0.026102413167501545, 0.026088641035360294, 0.026082130899523204, 0.026078603141719385, 0.0260810317000845, 0.02606169377272819, 0.02608165436939442, 0.02607147912102523, 0.02607466708595827, 0.026073769335345033, 0.026042211353915296, 0.026036224362095853, 0.02604650199454237, 0.02602844925481321, 0.026040919619738617, 0.026051126287451813, 0.026058857127914937, 0.0260210487575376, 0.026032873518055395, 0.026044278207743344, 0.02601548061184176, 0.02605039012642243, 0.026039000866668566, 0.02601704626060995, 0.026036107226960606, 0.026041030010460934, 0.026006086674883907, 0.02601593068968027, 0.02602151062189441, 0.026018832922800557, 0.02602327996762572, 0.026015562834320487, 0.02600535445065398, 0.026000994987676652, 0.025998219813564757, 0.026006626088049385, 0.026005332467347493, 0.026009707271561516, 0.026014361029060986, 0.025999782262404104, 0.026031434931707034, 0.02601142899702975, 0.026008492966793178, 0.026001458499758018, 0.026028022193946898, 0.026001712836106836, 0.02599896516841956, 0.02599039983904951, 0.026006225974131852, 0.026009737350210383, 0.0260082220269756, 0.026008118431837784, 0.025992124129919122, 0.025984366762114096, 0.025987882767513994, 0.025985338349891453], "train_psnrs": [24.839264304380773, 25.238508334129484, 25.329118322636322, 25.396085675276666, 25.47873643572243, 25.551660303639945, 25.60408644191223, 25.64280461170104, 25.682126448870495, 25.710721875595333, 25.740204560218366, 25.764964878389236, 25.78868780457218, 25.80978750610843, 25.828024434478486, 25.860176192288662, 25.86908634384657, 25.878308965800784, 25.887177464838814, 25.89570711018741, 25.903245928712266, 25.912197264278202, 25.916161239106636, 25.923100549989133, 25.92919801699473, 25.934554461026625, 25.94432404289062, 25.948468578838607, 25.95257633356443, 25.96167135748693, 25.971980773686393, 25.973694227570256, 25.976742175271873, 25.98051965066722, 25.98223847439203, 25.986970360247938, 25.988498874962204, 25.99185441036737, 25.999182406293283, 26.006701956289884, 26.01995598412586, 26.035994827272877, 26.048984416380552, 26.05918385166594, 26.0664540011694, 26.083685608654463, 26.0908072872826, 26.095785519201364, 26.10012689322267, 26.10425909895835, 26.105981158400535, 26.11000149157784, 26.109929093056458, 26.112717334174746, 26.11293415062063, 26.115200808022514, 26.11690772439694, 26.11989426425111, 26.120232662935695, 26.12080131532783, 26.124457488681212, 26.124341267008838, 26.12420674125814, 26.125578691971068, 26.12453923801781, 26.12573771775204, 26.124842329860787, 26.125609883774985, 26.12643319738258, 26.129542789287907, 26.12671067858689, 26.13100681095876, 26.130897928496736, 26.133142497590896, 26.130868593244482, 26.13308052347508, 26.141115550556275, 26.135921408418817, 26.14283977804703, 26.142853549275756, 26.146425246712482, 26.148824172688784, 26.15069266063009, 26.152024878282774, 26.15108122779212, 26.15640165068533, 26.158899838477144, 26.162068982008428, 26.15791837822731, 26.16098399142254, 26.15946202419674, 26.16265700481232, 26.162114352505526, 26.173436833964345, 26.169685258391244, 26.173164677193984, 26.175136811412447, 26.18206438152532, 26.17641556689736, 26.183906057443256],